Apparel,0
Arts & Entertainment,0
Beauty & Personal Care,0
Business & Industrial,0
Computers & Consumer Electronics,0
Dining & Nightlife,0
Family & Community,0
Finance,0
Food & Groceries,0
Health,0
Hobbies & Leisure,0
Home & Garden,0
Internet & Telecom,0
Jobs & Education,0
Law & Government,0
"News, Media & Publications",0
Occasions & Gifts,0
Real Estate,0
Retailers & General Merchandise,0
Sports & Fitness,0
Travel & Tourism,0
Vehicles,0
Apparel Accessories,1
Clothing,1
Footwear,1
Jewelry,1
Rain Gear,1
Bags & Packs,23
Backpacks & Utility Bags,23
Briefcases,23
Handbags & Purses,23
Laptop & Computer Bags,23
Belts & Suspenders,23
Billfolds & Wallets,23
Eyewear,23
Reading Glasses,23
Sunglasses,23
Gloves & Mittens,23
Hair Accessories,23
Headwear,23
Hats,23
Headscarves & Bandanas,23
Key Chains & Key Rings,23
Parasols & Personal Sun Umbrellas,23
Scarves & Shawls,23
Ties,23
Children's Clothing,24
Costumes & Costume Rental,24
Culturally-Specific Clothing,24
Custom Clothing,24
Dancewear,24
Formal Wear,24
Men's Clothing,24
Outerwear,24
"Pants, Jeans & Trousers",24
Petite Clothing,24
Plus Size Clothing,24
Pullover Sweaters & Cardigans,24
"Shirts, Tops & Blouses",24
Shorts,24
Sleepwear,24
Socks & Hosiery,24
Sport Coats & Jackets,24
Suits & Business Attire,24
Sweatshirts & Hoodies,24
Swimwear,24
Underwear,24
Uniforms,24
Utility Clothing,24
Vests,24
Athletic Shoes,25
Boots,25
Casual Shoes,25
Dress Shoes,25
Footwear Accessories,25
Moccasins,25
Roller Shoes,25
Sandals,25
Shoe Repair & Footwear Services,25
Slippers,25
Special Width & Orthopedic Shoes,25
Anklets,26
Antique Jewelry,26
Bracelets,26
Brooches & Pins,26
Cufflinks,26
Earrings,26
Jewelry Cleaning & Repair,26
Necklaces,26
Pearls & Pearl Jewelry,26
Precious & Semi-Precious Gems & Gemstone Jewelry,26
Precious Metal Jewelry,26
Rings,26
Watches & Watch Accessories,26
Rain Umbrellas,27
Arts & Entertainment Awards,2
Cartoons,2
Comics & Graphic Novels,2
Entertainment Industry,2
Entertainment Media Retailers,2
Event Entertainment,2
"Events, Shows & Cultural Attractions",2
Fun & Trivia,2
Humor & Jokes,2
Movies & Films,2
Music & Audio,2
Offbeat,2
Sports Entertainment,2
TV & Video,2
Visual Art & Design,2
Comic Strips,98
Independent & Alternative Comic Books,98
Manga,98
Superhero Comic Books,98
Film & TV Industry,99
Music & Recording Industry,99
Bachelor & Bachelorette Parties,101
Children's Parties,101
Fireworks,101
Art Fairs & Festivals,102
Event & Show Guides & Listings,102
Expo Events & Shows,102
Car & Vehicle Shows,102
"Flower, Garden & Home Shows",102
Film Festivals,102
Food & Beverage Events,102
Live Comedy,102
Special Exhibits,102
Theater & Theater Tickets,102
Ticket Sales & Exchanges,102
Wedding Entertainment,102
Talent Promotion,102
"Events, Shows & Cultural Attractions",103
Action & Adventure Films,105
Martial Arts Films,105
Superhero Films,105
Western Films,105
Animated Films,105
Anime,105
Bollywood & South Asian Film,105
Classic Films,105
Comedy Films,105
Cult & Indie Films,105
Documentary Films,105
Drama Films,105
Family & Children's Films,105
Film Noir,105
Filmmaking,105
Horror Films,105
Movie Theaters,105
Movie Tickets,105
Musical Films,105
Romance Films,105
Science Fiction & Fantasy Films,105
Sports Films,105
"Thriller, Crime & Mystery Films",105
War Films,105
Children's Music,106
Classical Music,106
Concerts & Music Festivals,106
Country Music,106
Dance & Electronic Music,106
Experimental & Industrial Music,106
Folk & Traditional Music,106
Indie & Alternative Music,106
Jazz & Blues,106
Blues,106
Jazz,106
Latin Music,106
Music & Audio CDs,106
Music & Audio Retailers,106
Music Education & Instruction,106
Music Streams & Downloads,106
Music Videos,106
Musical Instruments & Equipment,106
Drums & Percussion,106
Guitars,106
Music Recording Technology,106
Musical Instrument & Performance Amplifiers,106
Musical Instrument Digital Interfaces & Synthesi,106
Pianos & Keyboards,106
Pop Music,106
Radio,106
Internet Radio,106
Radio Programs & Shows,106
Satellite Radio,106
Record Labels,106
Religious Music,106
Christian & Gospel Music,106
Rock Music,106
Classic Rock & Oldies,106
Hard Rock & Progressive,106
Metal (Music),106
Punk Rock,106
Song Lyrics & Tabs,106
Songwriters & Composers,106
Soundtracks,106
Urban & Hip-Hop,106
Vinyl Records,106
Vocals & Show Tunes,106
World Music,106
Edgy & Bizarre,107
Fantasy Sports,108
Professional Wrestling,108
Sport Scores & Statistics,108
Sports Event Tickets & Ticketing Services,108
Sports Fan Sites & Blogs,108
Blu-Ray Discs,109
DVD & Blu-Ray Retailers,109
DVD & Video Rentals,109
Entertainment DVDs,109
Movie & TV Fan Sites,109
Movie & TV Reference,109
"Movie Reviews, Previews & Listings",109
TV Guides & Reference,109
TV & Video,109
Painting,110
Video On Demand,110
Anti-Aging,3
Body Art,3
Fashion & Style,3
Hair Care,3
Hygiene & Toiletries,3
Insect Repellent,3
Lip Care,3
Make-Up & Cosmetics,3
Nail Care,3
Oral Care,3
Perfumes & Fragrances,3
Shaving & Grooming,3
Skin Care,3
Spa & Medical Spa,3
Tanning & Sun Care,3
Tanning & Sun Care,219
Body Jewelry & Piercings,220
Tattoo Removal,220
Fashion Designers & Collections,221
Fashion Modeling,221
Virtual Makeovers,221
Damaged Hair,222
Hair Dyes & Coloring,222
Hair Care,222
Hair Loss,222
Hair Loss Procedures,222
Hair Loss Products,222
Hair Straighteners & Relaxers,222
Hair Styling,222
Hair Brushes & Styling Equipment,222
Hair Salons & Styling Services,222
Shampoos & Conditioners,222
Wigs & Wig Accessories,222
"Antiperspirants, Deodorants & Body Spray",223
"Cotton Swabs, Balls & Pads",223
Feminine Hygiene Products,223
Blush,226
Concealer,226
Eye Make-Up,226
Eyeshadow,226
Mascara & Eyelash Products,226
Face Powder,226
Foundation,226
Lipsticks & Lip Glosses,226
Make-Up Brushes & Tools,226
Manicures & Pedicures,227
Nail Care Tools,227
Nail Fungus Products,227
Nail Polish & Nail Polish Accessories,227
Canker Sore Treatments,228
Dental Care Gum,228
Dental Floss & Gum Health,228
Denture Care,228
Mouthwash,228
Teeth Whitening,228
Toothache Relief,228
Toothbrushes & Toothbrush Accessories,228
Manual Toothbrushes,228
Powered Toothbrushes,228
Toothpaste,228
Personal Grooming Kits & Equipment,230
Razors & Shavers,230
Electric Shavers,230
Men's Electric Shavers,230
Women's Electric Shavers & Epilators,230
Razors,230
Men's Razors,230
Women's Razors,230
Unwanted Body & Facial Hair Removal,230
Electrolysis,230
Hair Removal Creams,230
Laser Hair Removal,230
Professional Waxing,230
Waxing Products & Accessories,230
Body Cleansing,231
Bath Additions,231
Bathing Equipment,231
Body Wipes,231
Hand & Body Soaps & Cleansers,231
Liquid Soaps,231
Body Lotions & Oils,231
Exfoliants & Scrubs,231
Face Care,231
Face Lotions & Moisturizers,231
Facial Cleansers & Make-Up Removers,231
Aromatherapy & Essential Oils,232
At-Home Spa Equipment,232
Cosmetic Procedures,232
Laser Skin Treatments,232
Microdermabrasion,232
Permanent Make-up Services,232
Wrinkle Treatments,232
Day Spas & Salon Spas,232
Destination & Resort Spas,232
Saunas,232
Sun Lotions & Sunscreen,233
Tanning Beds,233
Tanning Services,233
Aerospace & Defense,4
Agriculture,4
Building Construction & Maintenance,4
Business Management,4
Chemical Industry,4
Commercial & Industrial Printing,4
Design & Engineering,4
Energy Industry,4
Fishing Industry,4
Food Production,4
Food Service Industry,4
Import & Export,4
Industrial Goods & Manufacturing,4
Janitorial Products & Services,4
Manufacturing,4
Office,4
Retail Trade,4
Scientific Equipment & Services,4
Security Equipment & Services,4
Shipping & Packing,4
Veterinary Equipment & Supplies,4
Agricultural Equipment,318
Balers,318
Crop Sprayers,318
Cultivators,318
Farm Tractors,318
Feed Grinders,318
Grain Augers & Conveyors,318
Manure & Seed Spreaders,318
Rock Pickers,318
Agricultural Research,318
Agricultural Testing & Analysis,318
Crop Consulting,318
Soil Testing & Analysis,318
Agrochemicals,318
Aquaculture & Fishery Services,318
Crops,318
Cereal & Grain,318
Seed,318
Forestry,318
Firewood & Firewood Equipment,318
Land-Clearing,318
Logging & Milling,318
Horticulture,318
Greenhouse & Nursery Equipment & Supplies,318
Irrigation,318
Sprinklers,318
Water Hoses & Accessories,318
Livestock,318
Cattle,318
Domestic Pigs,318
Livestock Auctioning,318
Livestock Breeding,318
Livestock Feed,318
Livestock Slaughtering & Processing,318
Poultry,318
Natural Fibers,318
Building Materials & Supplies,319
Architectural Salvage & Reclaimed Building Materials,319
Awnings & Canopies ,319
Ceilings,319
Doors & Windows,319
Exterior & Interior Doors,319
Garage Doors,319
Windows,319
Window Repair,319
Window Screens & Outdoor Shutters,319
Drywall,319
Electrical Wiring,319
Exterior Siding,319
Stucco,319
 Vinyl Siding,319
Wood Siding,319
Flooring,319
Concrete Flooring,319
Flooring Installation ,319
Laminate Flooring,319
Linoleum & Marmoleum Flooring,319
Rugs & Carpet,319
Stone Flooring,319
Vinyl Flooring,319
Wood Flooring,319
Insulation,319
Wood & Lumber,319
Building Painting Services,319
Building Restoration & Preservation,319
Chimney Services,319
Commercial & General Contracting,319
Construction Consulting,319
Construction Estimation,319
Construction Trailers,319
Decking Products & Equipment,319
Demolition Services,319
Earth Movers & Construction Tractors,319
Back Hoe Loaders,319
Skid Steer Loaders,319
Eco-Friendly Building & Construction,319
Electrician Services,319
Excavation Services,319
Handrails,319
Hardware Tools & Accessories,319
Drills,319
Hammers,319
Hardware Accessories,319
Power Tools,319
Riveters,319
Saws,319
Screwdrivers,319
Tool Belts,319
Tool Storage & Accessories,319
Woodworking Tools & Equipment,319
Wrenches,319
House Paints & Stains,319
HVAC & Climate Control,319
Air Conditioners,319
Heaters & Furnaces,319
HVAC Service & Repair,319
Residential Boilers,319
Ventilators,319
Installation Lighting,319
Exit & Emergency Signs & Lights,319
Exterior Lighting,319
Interior Lighting,319
Lighting Fixtures,319
Track Lighting,319
Kitchen & Bathroom Counters,319
Landscaping & Landscape Design,319
Locks & Locksmiths,319
Key Making & Copying,319
Masonry,319
Bricks,319
Cement & Concrete,319
Concrete Mixing & Pouring,319
Stone,319
Plumbing,319
Indoor Fire Sprinklers,319
Plumbing Fixtures,319
Bathroom Fixtures,319
Faucets,319
Kitchen Fixtures,319
Kitchen Faucets & Sprayers,319
"Pumps, Valves & Accessories",319
Bathroom Fixtures,319
Water Heaters,319
Water Softeners,319
Advertising & Marketing,320
Classified Ads,320
Direct Marketing,320
"Dubbing, Narration & Voice-Over",320
Internet Marketing,320
Loyalty Cards & Programs,320
Mailing Lists & Email Newsletters,320
Market Research,320
Marketing Consulting,320
Public Relations,320
Telemarketing,320
Business Opportunities,320
Home-Based Business Opportunities,320
MLM & Get Rich Quick Opportunities,320
Business Process Analysis,320
Business Security Investigation,320
Business Strategy Planning,320
Corporate Events,320
Corporate Entertainment,320
Corporate Event Planning,320
Team Building,320
Trade Fairs & Shows,320
Customer Support & Outreach,320
E-Commerce,320
Human Resources,320
Compensation & Benefits,320
Corporate Training,320
Employee Relations,320
Outsourcing & Outplacement,320
Payroll Services,320
Recruiting & Retention,320
Mail Order Services,320
Management Consulting,320
Office & Facilities Management,320
Document Management,320
Document Shredding & Destruction,320
Mail Processing,320
Office Automation,320
Physical Asset Management,320
Supply Chain Management,320
Technology Consulting,320
Transcription,320
Biochemistry,321
Chemicals & Chemical Products,321
Absorbents,321
Additives,321
Agents & Reagents,321
Chemical Adhesives,321
Chemical Removers & Solvents,321
Desiccants,321
Dyestuffs & Inks,321
Industrial Protectants & Sealers,321
Lubricants,321
Paint Thinners,321
Plastics & Rubber,321
Refrigerants,321
Resins,321
Food Science,321
Book Printing,322
CD & DVD Duplication & Printing,322
Check Printing,322
Large Format Printers,322
Pad Printing,322
Printing Presses,322
Screen Printing,322
UV Curing,322
Architecture,323
Architectural Engineering,323
Civil Engineering,323
Drafting Boards & Tables,323
Drafting Equipment,323
Drafting Services,323
Graphic Design,323
Industrial & Product Design,323
Industrial & Systems Engineering,323
Interior Design,323
Energy Consulting,324
Energy Management,324
Energy Audits & Assessments,324
Energy Price Comparison,324
Energy Research,324
Generators,324
Industrial Magnets,324
Oil & Gas,324
Fuel,324
Fuel Cells,324
Renewable & Alternative Energy,324
Solar Chargers,324
Waste Management,324
Recycling,324
Commercial Fishing,325
Beverage & Bar Supplies,326
"Beverage, Bar & Wineware",326
Cold Beverage Dispensers,326
Catering & Bartending,326
Chafing Dishes,326
Commercial Food Preparation Equipment,326
Concession Equipment,326
Culinary Schools & Courses,326
Dish Dispensers,326
Food Consulting,326
Food Display Cases,326
Food Distribution,326
Food Import & Export,326
Food Marketing,326
Food Packing & Bottling,326
Food Scales,326
Food Transport Carts,326
Ice Machines,326
Industrial Food Storage,326
Industrial Refrigeration,326
Restaurant Suppliers,326
Salad & Cold Food Bars,326
Steam Tables & Food Warmers,326
Work & Dish Tables,326
Industrial Electronics,329
Electronic Components,329
Electronic Consoles & Enclosures,329
Electronic Test & Measurement Equipment,329
Electronic Wires & Tubing,329
Industrial Control Starters,329
Industrial Electronic Fans,329
Industrial Electronic Power Supplies,329
Optoelectronic & Fiber Electronic Products,329
Proximity Sensors,329
Industrial Manufacturing,329
Contract Manufacturing & Outsourcing,329
Industrial Brazing,329
Industrial Coating,329
Industrial Cutting,329
Industrial Drilling,329
Industrial Embossing & Engraving,329
Marking Devices,329
Industrial Filling,329
Industrial Finishing,329
Industrial Forming,329
Injection Molding,329
Thermoforming,329
Industrial Grinding,329
Industrial Handling & Processing,329
Industrial Heat Sealing & Treating,329
Industrial Lubrication,329
Industrial Measurement & Control,329
Industrial Slitting,329
Industrial Storage,329
Industrial Tools & Equipment,329
Air Compressors,329
Applicators & Dispensers,329
Bellows,329
Dies & Molds,329
Drill Presses,329
Industrial Abrasives,329
Industrial Blowers,329
Industrial Cutting Equipment,329
Industrial Grinders,329
Industrial Lasers,329
Industrial Lubricators,329
Industrial Measurement & Control Equipment,329
Laser Marking,329
Metalworking,329
Mining,329
Product Assembly,329
Metals,329
Minerals,329
Occupational Health & Safety,329
Plant & Facility,329
Textiles & Textile Services,329
Electric Hand Dryers,330
Floor Cleaning,330
Janitorial Carts,330
Janitorial Signs,330
Odor Control Devices,330
Soap Dispensers,330
Touch-Free Devices,330
Towel Dispensers,330
Urinal Supplies,330
Waste Receptacles,330
Consumer Goods Manufacturing,331
"Binders, Binding & Laminating",332
"Business Cards, Stationery & Forms",332
Calculators,332
Calendars & Planners,332
Desk Organizers,332
Glue & Paste,332
Labels & Labeling,332
Lanyards & Badge Holders,332
Microcassette Recorders,332
Office Appliances,332
Office Furniture,332
Paper,332
Paper Clips & Rubber Bands,332
Pens & Writing Instruments,332
Portfolios & Presentation Cases,332
Printer Accessories,332
"Staplers, Scissors & Punchers",332
Apparel Retail Supplies,333
Clothing & Accessory Hangers,333
Mannequins,333
Ash Tray Receptacles,333
Bar Code Scanners,333
Bill & Coin Counters,333
Cash Registers & Cash Register Supplies,333
CD & DVD Jewelboxes & Cases,333
Counterfeit Money Detectors,333
Floor Mats,333
Hand Trucks & Utility Carts,333
Inventorying,333
"Jewelry Bags, Boxes & Displays",333
Loss Prevention,333
Merchant Point-of-Sale Systems,333
Merchant Services & Payment Systems,333
Paper & Plastic Bags,333
Pegboard & Slatwall,333
Retail Display Supplies,333
Kiosks,333
Retail Signs & Banners,333
LED Signs,333
Neon Signs,333
Open & Closed Signs,333
Sign Holders & Easels,333
Shopping Baskets & Carts,333
Shrink Wrapping Systems,333
Tagging Guns,333
Time Clocks & Time Cards,333
Turnstiles & Traffic Control Devices,333
Vending,333
Vending Machines,333
Bioremediation,334
Biotechnology Equipment,334
Laboratory Equipment & Supplies,334
Laboratory Incubators,334
Microscopes & Microscope Accessories,334
Mobile Labs,334
Scientific Centrifuges,334
Materials Testing,334
Scientific Books & Journals,334
Scientific Glassware & Accessories,334
Body Guards,335
Car Alarm Systems,335
Electronic Voice Changers,335
Intercoms,335
Night Vision Goggles & Scopes,335
Safes,335
Security Alarm Services,335
Security Guards,335
Security Weapons,335
Batons,335
Handcuffs,335
Mace & Pepper Spray,335
Stun Guns & Tasers,335
Surveillance Equipment,335
Alarm Systems & Equipment,335
Motion Detectors,335
Phone Recorders & Phone Tap Detectors,335
Security Cameras,335
Weather Alert Radios,335
Cargo Containers,336
Couriers & Messengers,336
Express & Expedited Shipping,336
Freighting,336
Air Cargo,336
Containerization,336
Freight Forwarding,336
LTL (Less Than Truckload) Shipping,336
Maritime Freighting,336
Rail Freighting,336
Trucking,336
Mail & Package Delivery,336
Mailing Tubes,336
Packing Cushioning & Packing Paper,336
Shipping Boxes,336
Stamps & Envelopes,336
Strapping Equipment & Devices,336
Tape & Tape Dispensers,336
Warehousing,336
>Computers,5
>Consumer Electronics,5
Computer Accessories,736
Computer Consulting,736
>Computer Hardware,736
Computer Manufacturing,736
Computer Rentals,736
>Computer Repair,736
Computer Tech Support,736
Hosted Data Storage,736
>Software,736
Technology News & Publications,736
"Technology Specs, Reviews & Comparisons",736
Computer Adapters,736
Computer Cables,736
Computer Cases & Case Accessories,736
Computer Keyboards,736
Computer Monitor Accessories,736
Computer Power Supplies,736
Computer Speakers,736
Fans & Cooling Equipment,736
Graphics Tablets,736
Laptop Batteries,736
Mice & Pointing Devices,736
Networking Accessories,736
PDA Accessories,736
Scanner Accessories,736
Webcams,736
Computer Components,736
>Computer Memory & Storage Devices,736
>Computer Monitors & Projectors,736
>Computer Networking Devices,736
>Computer Server Components,736
>Computer Servers,736
Computer Workstations,736
Desktop Computers,736
"DVD & CD Drives, Burners & Recorders",736
Gaming Computers,736
>Laptop Computers,736
Scanners,736
Thin Clients,736
Computer Processors,736
Ethernet Cards,736
Graphic & Video Cards,736
Motherboards,736
Sound Cards,736
Microprocessors,736
CD & DVD Storage Media,736
Desktop Memory Cards & Devices,736
External Hard Drives,736
Flash Memory Devices & Memory Sticks,736
Internal Hard Drives,736
Laptop Memory Cards & Devices,736
Memory Card Readers,736
Tape Back-Up Drives & Media,736
CRT Monitors,736
Electronic Projectors,736
LCD Monitors,736
Network Hubs & Adapters,736
Ethernet Networking Devices,736
Firewall & Spam Filter Hardware,736
Modems,736
Network Routers,736
Network Switches,736
Computer Server Processors,736
Blade Servers,736
Desktop Servers,736
Rack-Mount Servers,736
Netbooks & Ultra-Mobile PCs,736
Tablet PCs,736
Ultra-Thin Laptops,736
Data Recovery,736
Motherboard Repair,736
Business & Productivity Software,736
Computer Monitoring & Spy Software,736
>Device Drivers,736
Drafting & Design Software,736
Educational Software,736
Freeware & Shareware,736
>Graphics & Multimedia Software,736
>Internet Software & Web Goodies,736
Mac Software,736
>Middleware,736
>Operating Systems & OS Emulators,736
Remote Desktop & VPN Software,736
>Software Development,736
Software Utilities,736
Unix Software,736
Windows & .NET Software,736
CD-ROM Drivers,736
DVD-ROM Drivers,736
Printer Drivers,736
Audio & Music Software,736
Desktop Publishing Software,736
Digital Media Players,736
Font Design Software,736
Photo Software,736
Video Software,736
Web Design Software,736
Clip Art & Animated GIFs,736
Network Management Software,736
>Network Security Software,736
Screensavers & Digital Wallpaper,736
Site Management Software,736
Social Network Apps & Add-ons,736
Toolbars,736
Web Applications,736
Web Browsers,736
Web Stats & Internet Analytics,736
Web Templates,736
Anti-Spam Software,736
Anti-Virus Software,736
Application Server Software,736
Database Software,736
Service Oriented Architecture,736
Operating Systems,736
Virtualization Software,736
Programming & Developer Software,736
Software & Application Frameworks,736
Software Testing,736
Version Control Software,736
C & C++ Software,736
Debugging Software,736
Java Software,736
Car Audio & Video,737
>Consumer Electronic Accessories,737
Consumer Electronic Donation,737
Consumer Electronic Service & Repair,737
Consumer Electronic Warranty Plans,737
Electronic Waste Disposal,737
>GPS & Navigation,737
>Home Audio & Video,737
>Portable Media Devices,737
Radar Detectors,737
>Wireless Devices,737
Car Audio Accessories,737
Car Audio Amplifiers,737
Car Audio Equalizers,737
Car CD Players & Changers,737
Car DVD Players,737
Car Speakers,737
Car Stereos,737
Car Video Accessories,737
Car Video Screens,737
CB Radios,737
In-Dash Video Units,737
GPS Accessories,737
>GPS Devices,737
Blu-Ray Players & Recorders,737
DVD Players,737
DVRs & Set Top Boxes,737
HD Players & Recorders,737
Headphones,737
>Home Audio & Video Accessories,737
Home Theater Projectors,737
Home Theater Systems,737
>Music Systems & Music Components,737
>Radios & Radio Equipment,737
Speakers,737
>Televisions,737
VCRs,737
Digital Book Readers,737
MP3 Player Accessories,737
MP3 Players,737
Portable CD Players,737
Portable DVD Players,737
Portable Stereos & Boomboxes,737
Bluetooth Wireless Accessories & Devices,737
PDAs,737
Walkie-Talkies,737
"Dining & Nightlife Reviews, Guides & Listings",6
"Nightclubs, Bars & Music Clubs",6
>Restaurants,6
"Bar, Club & Nightlife Reviews, Guides & Listings",906
"Restaurant Reviews, Guides & Listings",906
"Nightclubs, Bars & Music Clubs",907
Bakeries,908
Dine-In Restaurants,908
Fast Food Restaurants,908
Pizzerias & Pizza Delivery,908
Restaurant Reservations & Booking,908
Restaurant Take-out & Delivery,908
"Baby, Parenting & Family",7
>Community Service & Social Organizations,7
>Domestic & Personal Resources,7
>Faith & Belief,7
>Romance & Relationships,7
Baby,918
>Parenting & Family,918
AIDS & HIV Support,919
>Alcohol & Substance Abuse,919
>Community Outreach,919
>Consumer Resources,919
Disability Resources,919
Disaster Relief & Emergency Management,919
>Environmentalism,919
Ethnic Identity Resources,919
GLBT Resources,919
Multilateral & Non-Governmental Organizations,919
>Nonprofit Services,919
Selective Service,919
Self-Defense Training,919
Senior Resources,919
>Social Insurance Programs & Entitlements,919
>Social Issues & Advocacy,919
Teen Advice & Support,919
Volunteer Opportunities,919
Youth Organizations & Resources,919
Alcohol & Health,919
Drug & Alcohol Rehab Programs,919
>Drug Abuse & Treatment,919
Child Welfare Services,919
Crime Prevention,919
Domestic Violence,919
Food Outreach & Food Banks,919
Homeless Outreach Programs,919
Literacy,919
Consumer Advocacy & Protection,919
Product Reviews & Price Comparisons,919
Consumer Advocacy & Protection,919
Product Reviews & Price Comparisons,919
Environmental Research,919
Donations & Charitable Giving,919
Publicly Funded Health Programs,919
Welfare & Unemployment,919
Animal Rights Activism,919
Consumer Activism,919
>Environmental Activism,919
Human Rights Activism,919
Peace Activism,919
Reproductive Rights,919
Work & Labor Issues,919
Personal Chefs,920
Personal Errand & Concierge Services,920
Astrology & Horoscopes,921
Buddhism,921
Christianity,921
Hinduism,921
Islam,921
Judaism,921
Meditation,921
>Occult & Paranormal,921
Places of Worship & Worship Services,921
Prayers,921
Religious Instruction,921
Religious Media & Publications,921
Scientology,921
Self-Help & Motivational,921
Wicca & Esoteric Religions,921
Psychics & Fortune Telling,921
"Spells, Potions & Curses",921
Tarot,921
Dating & Marriage Matching,922
>Divorce & Separation,922
Relationship Advice,922
>Troubled Relationships,922
Accounting & Auditing,8
ATM Sales & Processing,8
>Banking,8
>Business Finance,8
Business News & Media,8
>Credit & Lending,8
>Financial Planning & Management,8
">Grants, Scholarships & Financial Aid",8
>Insurance,8
>Investing,8
Money Transfer & Wire Services,8
Billing Services,992
Bookkeeping,992
Cash Flow Management,992
Collection Services,992
Sarbanes-Oxley Compliance Management,992
Tax Preparation & Planning,992
ATM Sales & Processing,993
Bank Accounts,994
Bill Payment Services,994
Debit & Check Cards,994
Fixed Deposit Accounts & Certificates,994
Mobile Banking,994
Offshore Banking,994
Online Banking,994
Private Banking,994
Student Banking,994
Current Accounts & Checking Accounts,994
>Savings Accounts,994
Investment Banking,995
Mergers & Acquisitions,995
Business News & Media,996
Credit Cards,997
Credit Counseling,997
Credit Reports & Reporting Services,997
Debt Management & Consolidation,997
Identity Theft & Credit Monitoring,997
>Loans,997
Business Credit Cards,997
Low Interest & No Interest Credit Cards,997
>Rewards Cards,997
Student Credit Cards,997
Auto Financing,997
Bad Credit & No Credit Credit & Lending,997
>Commercial Lending,997
>Home Loans & Mortgages,997
>Personal Lending & Borrowing,997
>Purchase Financing,997
>Unsecured Credit & Lending,997
Inheritance & Estate Planning,998
Money Management,998
Retirement & Pension Planning,998
Wealth Management,998
Government Grants,999
Student Loans,999
Study Grants & Scholarships,999
Accident & Casualty Insurance,1000
Annuities,1000
>Business & Commercial Insurance,1000
Credit Insurance,1000
Disability Insurance,1000
Disaster Insurance,1000
>Health Insurance,1000
Home Warranties,1000
>Liability Insurance,1000
Life Insurance,1000
Pet Insurance,1000
>Property Insurance,1000
Risk Management,1000
Travel Insurance,1000
>Vehicle Insurance,1000
Professional Liability & Malpractice Insurance,1000
Worker's Compensation Insurance,1000
Dental Insurance,1000
Long-term Care Insurance,1000
Supplemental Health Insurance,1000
Vision Insurance,1000
Personal Liability Insurance,1000
Homeowners Insurance,1000
Renters Insurance,1000
Car Insurance,1000
Commercial Vehicle Insurance,1000
Motorcycle Insurance,1000
Recreational Boat & Watercraft Insurance,1000
Recreational Vehicle & Caravan Insurance,1000
Van Insurance,1000
Brokerages & Day Trading,1001
Commodities & Futures Trading,1001
Currencies & Foreign Exchange,1001
Derivatives,1001
Exchange Traded Funds,1001
Hedge Funds,1001
Interest Free & Tax-Deferred Savings Accounts,1001
Investor Relations & Venture Capital,1001
Mutual Funds,1001
Precious Metals Trading,1001
Real Estate Investments,1001
>Retirement Investments,1001
>Securities,1001
Spread Betting,1001
401(K)s,1001
IRAs,1001
Pensions,1001
Bonds,1001
Stocks,1001
Money Transfer & Wire Services,1002
Beverages,9
>Food,9
>Household Supplies,9
Online Grocery Shopping & Grocery Delivery,9
Alcoholic Beverages,1098
>Non-Alcoholic Beverages,1098
Beer,1098
Liquor,1098
Wine,1098
Alcohol Free Drink Mixers,1098
Bottled Water & Water Delivery,1098
Coffee,1098
Energy Drinks,1098
Juice,1098
Soft Drinks,1098
Sports Drinks,1098
Tea,1098
Baked Goods,1099
>Baking Ingredients,1099
>Breakfast Foods,1099
">Candy, Gum & Mints",1099
Condiments & Dressings,1099
>Cooking Oils & Spray,1099
>Dairy & Non-Dairy Alternatives,1099
>Desserts,1099
>Fish & Seafood,1099
Gourmet & Specialty Foods,1099
">Grains, Pasta & Side Dishes",1099
>Herbs & Spices,1099
"Jams, Jellies & Preserves",1099
>Meat & Poultry,1099
Nut Butters,1099
Organic & Natural Foods,1099
>Prepared Foods,1099
>Produce,1099
>Sauces,1099
>Snack Foods,1099
"Soups, Stews & Beans",1099
>Special & Restricted Diet Foods,1099
>Weight-Loss Foods & Nutrition Bars,1099
Brownies,1099
>Cakes & Cupcakes,1099
Cookies,1099
>Pies,1099
Baking Chocolate & Cocoa,1099
Baking Mixes,1099
>Syrups & Sweeteners,1099
Breakfast Cereals,1099
"Pancake, Waffle & Muffin Mixes",1099
Chocolate,1099
Condiments & Dressings,1099
Olive Oil,1099
Vegetable Oils,1099
Cheese,1099
Milk,1099
Non-Dairy Alternatives,1099
Yogurt,1099
"Frozen Desserts, Frozen Novelties & Accompaniments",1099
Crab & Lobster,1099
Salmon,1099
Shrimp & Prawns,1099
Gourmet & Specialty Foods,1099
Pasta,1099
Black Pepper,1099
Cinnamon,1099
Oregano,1099
Salt,1099
"Jams, Jellies & Preserves",1099
Beef,1099
>Deli & Lunch Meats,1099
Game & Exotic Meat,1099
Pork,1099
Nut Butters,1099
Organic & Natural Foods,1099
Frozen Foods,1099
Gourmet Prepared Foods,1099
Fruit,1099
Vegetables,1099
BBQ & Grilling Sauces,1099
Crackers,1099
Dried Fruit,1099
Nuts,1099
Popcorn,1099
Snack Chips,1099
Trail Mix,1099
"Soups, Stews & Beans",1099
Diabetic Foods,1099
Low Cholesterol Foods,1099
Low-Sodium Foods,1099
>Religious Diet Foods,1099
Wheat-free & Gluten-free Foods,1099
Diet Bars,1099
Meal Replacements,1099
Nutrition Bars,1099
Charcoal & Barbecuing Supplies,1100
>Food Wraps & Food Storage,1100
>Household Cleaning Products,1100
>Paper Towels & Household Paper Products,1100
Trash Bags,1100
Food Savers & Food Storage Containers,1100
Food Storage Bags,1100
Lunch Boxes,1100
Plastic Wrap & Foil,1100
Air Fresheners & Deodorizers,1100
Cleaning Implements,1100
Dish Detergents,1100
>Fabric Care,1100
Household Bleach,1100
Household Cleansers,1100
Facial Tissue,1100
Toilet Tissue,1100
Online Grocery Shopping & Grocery Delivery,1101
Biotech & Pharmaceutical,10
>Health Care Services,10
>Health Conditions & Concerns,10
">Medical Devices, Equipment & Supplies",10
>Nutrition & Dieting,10
>Pharmacy,10
>Professional Medical Resources,10
Gene Research,1210
Pharmaceutical Manufacturing,1210
Protein Identification & Proteomics,1210
Toxicology Services,1210
DNA & Genetic Testing,1210
Gene Therapy,1210
Genome Sequencing,1210
Abortion Services,1211
>Alternative & Natural Medicine,1211
Blood & Organ Donations & Transplants,1211
>Dentists & Dental Services,1211
General Health Care Services,1211
>Geriatric & Aging Care Services,1211
Hospice & Home Nursing Care,1211
>Hospitals & Health Clinics,1211
Immunology Services,1211
>Laboratory Testing & Medical Diagnostic Services,1211
>Medical Skin Care Services,1211
>Mental Health Services,1211
Orthopedics & Sports Medicine,1211
>Physical Rehabilitation,1211
>Plastic Surgery,1211
Sex Reassignment Therapy,1211
>Vision Services,1211
>Wellness Therapy & Massage,1211
Women's Health Care Services,1211
Abortion Services,1211
Acupuncture,1211
Chinese Herbal Medicine,1211
Chiropractors & Chiropractic,1211
>Cleansing & Detoxification,1211
Naturopathy,1211
Cosmetic Dentistry,1211
Emergency Dental Services,1211
General Dentistry,1211
Orthodontists & Orthodontic Services,1211
General Health Care Services,1211
Assisted Living Services,1211
In-Home Aging Care Services,1211
Retirement Homes & Senior Living Communities,1211
Hospice & Home Nursing Care,1211
Hospitals,1211
Urgent Care Clinic Services,1211
Immunology Services,1211
AIDS & HIV Testing Services,1211
Blood Testing Services,1211
>Cancer Diagnosis & Screening,1211
Hepatitis Testing & Diagnosis,1211
STD Testing,1211
Acne Treatment,1211
Rosacea Treatment,1211
Counseling Services,1211
Mental Health In-Patient Services,1211
Suicide Prevention,1211
Orthopedics & Sports Medicine,1211
Occupational Therapy,1211
Physical Therapy,1211
Cosmetic & Aesthetic Plastic Surgery,1211
Reconstructive Surgery,1211
Sex Reassignment Therapy,1211
Eye Exams & Optometry,1211
Laser Vision Correction,1211
Hydrotherapy Services,1211
Massage & Relaxation Services,1211
Women's Health Care Services,1211
AIDS & HIV,1212
>Allergy & Sinus,1212
Anemia,1212
>Arthritis,1212
Bleeding Disorders,1212
>Blood Sugar & Diabetes,1212
>Cancer & Cancer Treatment,1212
>Cold Sores,1212
Cystic Fibrosis,1212
>Dental Health,1212
>Digestive Health & Disorders,1212
">Ear, Nose & Throat",1212
>Eating Disorders,1212
>Epilepsy,1212
>Foot Health,1212
Genetic Disorders,1212
>Geriatrics & Aging,1212
>Headache & Pain Management,1212
>Heart Health,1212
Hemorrhoids,1212
>Hepatitis,1212
>Infectious Diseases & Viruses,1212
Injury & Wound Care,1212
>Insomnia & Sleep Disorders,1212
>Learning & Developmental Disabilities,1212
Lupus,1212
>Men's Health,1212
>Mental Health,1212
>Musculoskeletal Conditions,1212
>Neurological Conditions,1212
>Obesity,1212
>Pediatrics & Children's Health,1212
>Respiratory Conditions,1212
>Sexual & Reproductive Health,1212
>Skin Conditions & Skin Health,1212
Smoking & Smoking Cessation,1212
Thyroid Conditions,1212
Trauma & Stress Disorder,1212
>Urinary & Bladder Health,1212
>Vision,1212
>Weight Loss,1212
>Women's Health & OBGYN,1212
AIDS & HIV Medications,1212
AIDS & HIV Testing,1212
Air Cleaners & Filters,1212
>Allergy Medications,1212
Food Allergies,1212
Nasal Strips,1212
Pet Allergies,1212
Seasonal Allergies,1212
Anemia,1212
Arthritis Medications & Treatments,1212
>Osteoarthritis,1212
>Rheumatoid Arthritis,1212
Bleeding Disorders,1212
Glucose Meters & Test Strips,1212
Diabetes Management,1212
Breast Cancer,1212
Cancer Awareness,1212
>Cancer Medications,1212
Cancer Research,1212
Cancer Survival,1212
Cancer Treatment,1212
Cervical Cancer,1212
Chemotherapy Anemia,1212
Colon & Colorectal Cancer,1212
Leukemia,1212
Lung Cancer,1212
Lymphoma,1212
Melanoma,1212
Ovarian Cancer,1212
>Prostate Cancer,1212
Breast Cancer Treatment,1212
Biological Therapies,1212
Chemotherapy Medications,1212
Prostate Cancer Treatment,1212
Cold Sore Medications,1212
Cystic Fibrosis,1212
Orthodontia & Orthodontic Braces,1212
Dyspepsia,1212
>Inflammatory Bowel Disease,1212
Hearing Loss,1212
Motion Sickness & Balance Disorders,1212
Anorexia,1212
Bulimia,1212
Antiepileptic Medications,1212
Arch Supports & Orthoses,1212
Foot Anti-Fungal Remedies,1212
Genetic Disorders,1212
Alzheimer's Disease,1212
Alzheimer Medications,1212
Alzheimer's Care & Treatment,1212
Analgesics,1212
Fibromyalgia,1212
>Headaches & Migraines,1212
Acetaminophen,1212
>Headache & Migraine Medications,1212
Ibuprofen & Anti-Inflammatory Medications,1212
Muscle Relaxants,1212
Narcotic Analgesics,1212
Headaches,1212
Migraines,1212
Coronary Artery Disease & Heart Attacks,1212
Heart Devices & Accessories,1212
>High Blood Pressure,1212
>High Cholesterol,1212
Peripheral Artery Disease & Peripheral Vascular Disease (PAD & PVD),1212
Blood Pressure Medications,1212
Cholesterol Medications,1212
Hemorrhoids,1212
Hepatitis A,1212
Hepatitis B,1212
Hepatitis C,1212
Hepatitis Medications,1212
Cold & Flu,1212
Vaccines & Immunizations,1212
Viral Infections,1212
Injury & Wound Care,1212
Hypersomnia,1212
Insomnia,1212
Narcolepsy,1212
Sleep Medications,1212
Snore Relief,1212
ADD & ADHD,1212
Autism,1212
Lupus,1212
Benign Prostatic Hyperplasia (BPH),1212
Erectile Dysfunction,1212
Vasectomy,1212
Anxiety & Stress,1212
Bipolar Disorder,1212
Depression,1212
>Mental Health Medications,1212
Osteoporosis,1212
Musculoskeletal Conditions,1212
Movement Disorders,1212
Multiple Sclerosis,1212
>Stroke,1212
Obesity Surgery,1212
Baby Health,1212
Childhood Vaccines,1212
Children's Health Care,1212
Asthma,1212
Chronic Obstructive Pulmonary Disease (COPD),1212
Family Planning,1212
Personal Lubricants,1212
Sex Education & Counseling,1212
Sexual Enhancements,1212
>Sexually Transmitted Diseases (STDs),1212
Acne,1212
>Eczema,1212
>Psoriasis,1212
>Rashes & Itches,1212
Rosacea,1212
Skin Condition Medications,1212
>Skin Fungus,1212
>Sunburn,1212
>Warts,1212
Acne Medications,1212
Blemish Control,1212
Eczema Medications & Creams,1212
Psoriasis Medications & Treatments,1212
Skin Fungus Medications,1212
Smoking & Smoking Cessation,1212
Thyroid Conditions,1212
Trauma & Stress Disorder,1212
Bladder Cancer,1212
Incontinence,1212
Interstitial Cystitis,1212
Overactive Bladder,1212
Urinary Tract Infections,1212
Cataracts,1212
Contact Lenses & Accessories,1212
Eyeglass Frames,1212
Prescription Lenses,1212
Vision Care Products,1212
Weight Loss Products,1212
Menopause,1212
>PMS,1212
Uterine Fibroids & Heavy Periods,1212
>Yeast Infections,1212
Bathroom Safety Equipment,1213
Defibrillators,1213
Exam Tables & Surgery Tables,1213
>First Aid Supplies,1213
"Hospital Beds, Stretchers & Accessories",1213
Infusion Pumps,1213
Medical Compression Garments & Stockings,1213
>Medical Diagnostic Equipment & Monitoring Devices,1213
Medical Equipment Parts & Accessories,1213
">Medical Needles, Syringes & Injection Supplies",1213
Medical Scrubs,1213
Medication Accessories,1213
>Mobility Equipment & Accessories,1213
Ophthalmological Instruments,1213
Orthopedic Braces & Supports,1213
Patient Gowns & Garments,1213
Professional Dental Equipment & Supplies,1213
Prosthetics & Artificial Limbs,1213
Reachers & Grabbers,1213
>Surgical Instruments,1213
Utility Medical Equipment,1213
Antibiotic & Antiseptic Medications,1213
Bandages,1213
First Aid Kits,1213
Hot & Cold Pads & Packs,1213
Blood Pressure Monitors & Accessories,1213
Body Temperature Thermometers,1213
Body Weight Scales,1213
Bone Densitometers,1213
CT Scanners,1213
EKG Machines,1213
Fetal Monitors,1213
Medical Alarms,1213
MRI Machines,1213
>Personal Health Monitors,1213
Stethoscopes,1213
Stress Test Devices,1213
Ultrasound Devices,1213
Vital Sign Monitors,1213
X-Ray Machines,1213
Body Fat Monitors,1213
Cholesterol Monitors & Accessories,1213
Heart Rate Monitors,1213
Pedometers,1213
Canes,1213
Crutches & Crutch Accessories,1213
Personal Travel Scooters & Accessories,1213
Walkers & Rollators,1213
>Wheelchairs & Wheelchair Accessories,1213
Forceps,1213
Medical Clamps,1213
Scalpels & Operating Knives,1213
Speculae,1213
Diets & Diet Programs,1214
Nutrition Counseling,1214
Health-Related Restricted Diets,1214
Weight Loss Diets & Diet Programs,1214
Drugs & Medications,1215
>Vitamins & Supplements,1215
Amino Acid Supplements,1215
Calcium,1215
Essential Fatty Acid & Omega-3s,1215
Glucosamine & Chondroitin,1215
Iron Supplements,1215
Medicinal Herbs & Herbal Supplements,1215
Multi-Vitamins,1215
Prenatal Pills & Vitamins,1215
Protein Supplements,1215
Sports Nutrition Supplements,1215
Super Food Supplements,1215
Medical Research,1216
>Professional Health Care Education,1216
Clinical Trials,1216
Stem Cell Research,1216
Allopathic Medicine Education,1216
Non-Western & Complementary Health Education,1216
Ancestry & Genealogy,11
>Antiques & Collectibles,11
>Arts & Crafts,11
>Astronomy,11
>Birding,11
>Camping & Outdoor Recreation,11
>Cooking,11
>Gardening,11
>Pets & Animals,11
>Photo & Video,11
>Prizes & Competitions,11
>Recreational Activity Education,11
Scale Models & Model Building,11
>Toys & Games,11
>Wine & Beer Collecting & Brewing,11
Ancestry & Genealogy,1539
Antique & Art Refinishing & Restoration,1540
Antique & Collectible Auctions,1540
Antique & Collectible Stamps,1540
Antique Appraisals,1540
Antique Books & Manuscripts,1540
Antique Ceramics & Pottery,1540
>Antique Clocks & Watches,1540
Antique Coins & Collectible Money,1540
Antique Glassware & Art Glass,1540
Antique Lamps & Lighting,1540
Antique Maps & Geographical Artifacts,1540
Antique Rugs & Carpets,1540
Asian Antiques,1540
Collectible Autographs,1540
Collectible Bric-A-Brac,1540
Collectible Hardware & Tools,1540
>Collectible Metal Ware,1540
Collectible Pins,1540
Collectible Postcards,1540
"Collectible Telephones, Typewriters & Electronics",1540
Collectible Textiles & Linen,1540
Collectible Toys & Games,1540
European Antiques,1540
Fantasy & Magical Collectibles,1540
Figurines,1540
Flea Markets & Swap Meets,1540
Folk Art & Ethnographic Antiques,1540
Game Room Collectibles,1540
Garden Antiques,1540
Holiday & Seasonal Collectibles,1540
>Memorabilia,1540
Militaria,1540
"Rocks, Minerals & Fossils",1540
"Swords, Knives & Daggers",1540
>Trading Cards,1540
Vintage & Antique Buttons,1540
>Vintage & Antique Transportation,1540
Vintage Advertising & Media,1540
Antique Clocks,1540
Antique Watches,1540
Antique Silver,1540
Movie & TV Show Memorabilia,1540
Music Art & Memorabilia,1540
Sports Memorabilia,1540
Adventure Trading Cards,1540
Automotive Trading Cards,1540
Sports Trading Cards,1540
Classic Cars,1540
Beading & Beadwork,1541
Ceramic & Glass Equipment & Supplies,1541
>Fiber Craft,1541
Paper Crafts,1541
Scrapbooking,1541
Charms & Beads,1541
Fabric,1541
>Knitting,1541
Sewing Machines,1541
Threads,1541
Name A Star,1542
Wild Bird Supplies,1543
Backpacking & Camping Food,1544
Binoculars,1544
Camp Cooking Equipment,1544
>Climbing,1544
Flashlights & Lanterns,1544
>Hiking,1544
Multi-tools & Pocket Knives,1544
>Outdoor Sleeping Gear,1544
Portable Ice Chests & Picnic Coolers,1544
Tents,1544
">Water Containers, Bottles & Hydration Packs",1544
Carabiners,1544
Climbing Ropes & Cords,1544
Hiking Boots,1544
Portable Beds,1544
Sleeping Bags,1544
Sleeping Mats & Pads,1544
Hydration Packs & Personal Water Reservoirs,1544
Reusable Water Bottles,1544
Cooking Media & Publications,1545
>Cuisines,1545
>Recipes,1545
Asian Cuisine,1545
French Cuisine,1545
Indian Cuisine,1545
>Latin American Cuisine,1545
>Mediterranean Cuisine,1545
Raw Foods & Raw Foodism,1545
>Vegetarian Cuisine,1545
Chinese Cuisine,1545
Japanese Cuisine,1545
Mexican Cuisine,1545
Italian Cuisine,1545
Spanish Cuisine,1545
Vegetarian & Vegan Foods,1545
Dessert Recipes,1545
Diabetic & Low Sugar Recipes,1545
>Meat & Seafood Recipes,1545
Vegetarian Recipes,1545
Weight Loss & Reduced Calorie Diet Recipes,1545
Chicken & Poultry Recipes,1545
Garden Fountains & Water Features,1546
Garden Ornaments & Statuary,1546
>Garden Structures,1546
Gardening Books & Publications,1546
"Trees, Plants & Shrubs",1546
Yard & Garden Accessories,1546
Garden Sheds,1546
Greenhouses & Conservatories,1546
Animal Adoption & Rescue,1547
Dog Walking,1547
Pet & Animal Training,1547
Pet Breeding,1547
>Pet Food & Supplies,1547
Pet Grooming,1547
"Pet Sitting, Pet Boarding & Pet Day Care",1547
>Pets By Breed,1547
Veterinary,1547
Wildlife,1547
Flea & Tick Control Products,1547
Pet Carriers,1547
Pet Dishes & Feeders,1547
Pet Food & Treats,1547
"Pet Habitats, Perches & Beds",1547
Pet Leashes & Collars,1547
Pet Litter & Supplies,1547
Pet Medications,1547
Pet Toys,1547
Birds,1547
Cats,1547
>Dogs,1547
Exotic Pets,1547
Fish & Aquaria,1547
Horses,1547
Rabbits & Rodents,1547
Reptiles & Amphibians,1547
Digital Cameras,1548
Film Cameras,1548
>Photo & Video Accessories,1548
Photo & Video Publications,1548
Photo Printing,1548
Photographic & Digital Arts,1548
Photography & Videography Classes,1548
Video Cameras & Camcorders,1548
SLR Cameras,1548
Camera Bags,1548
Camera Batteries,1548
Video Camera & Camcorder Batteries,1548
"Contests, Pageants & Merit Prizes",1549
"Sweepstakes, Product Promotions & Giveaways",1549
Beauty Pageants,1549
Cooking & Recipe Contests,1549
Photo Contests,1549
Recreational Activity Lessons & Classes,1550
Fiber Craft Classes,1550
Scale Models & Model Building,1551
Games,1552
>Toys,1552
Arcade & Coin-Op Games,1552
Board Games,1552
>Card Games,1552
Children's Games & Activities,1552
Game Cheats & Hints,1552
>Online Games & Puzzles,1552
Party Games,1552
Puzzles & Brainteasers,1552
Roleplaying Games,1552
Strategy Games,1552
>Table Games,1552
">Video Games, Consoles & Accessories",1552
Collectible Card Games,1552
Massive Multiplayer Online Games,1552
Pool & Billiards,1552
Computer & Video Games,1552
Power Leveling & Gold Farming,1552
>Video Game Consoles,1552
Video Game Downloads,1552
Video Game Mods & Console Repair,1552
Video Game Retailers,1552
Video Game Reviews & Ratings,1552
Video Game Subscriptions,1552
Action & Platform Games,1552
Adventure Games,1552
Casual Games,1552
Driving & Racing Games,1552
Family & Children's Games,1552
Fighting Games,1552
Free-To-Play Games,1552
Music & Dance Games,1552
Shooter Games,1552
Simulation Games,1552
Sports Games,1552
Handheld Game Consoles,1552
Nintendo,1552
Sony PlayStation,1552
Xbox,1552
Action Figures,1552
>Baby Toys,1552
Building Toys,1552
">Children's Dolls, Dress-Up Toys & Costumes",1552
Die-cast & Toy Vehicles,1552
Educational Toys,1552
Music Toys,1552
>Outdoor Toys,1552
Radio Controlled Toys & Accessories,1552
>Ride-On Toys,1552
Sports Toys,1552
Stuffed Toys,1552
Toy Recalls,1552
Baby Activity Gyms,1552
Baby Blocks,1552
Baby Rattles,1552
Developmental Toys,1552
Teethers,1552
Tub Toys,1552
Dolls & Accessories,1552
Online Doll Dress-Up & Girl Games,1552
Kiddie Pools,1552
Outdoor Playsets & Swingsets,1552
Ride-On Toy Vehicles,1552
Home Brewing & Wine Making,1553
>Wine Collecting,1553
Wine Auctions,1553
Wine Clubs,1553
Bathroom,12
>Bedding & Linens,12
Doorbells & Door Knockers,12
Home & Garden Media & Publications,12
>Home Appliances,12
>Home Decor & Interior Decorating,12
>Home Furniture,12
>Home Heating & Cooling,12
Home Improvement & Maintenance,12
>Home Laundry,12
>Home Safety & Security,12
>Home Storage & Organization,12
Kitchen & Bathroom Cabinets,12
>Kitchen & Dining,12
>Lights & Lighting,12
>Residential Cleaning,12
Watch & Clock Repair,12
Water Filters,12
">Yard, Garden & Patio",12
Bath Mats & Rugs,1779
Bathroom Accessories,1779
Bathroom Towels,1779
Medicine Cabinets,1779
Shower Curtains & Accessories,1779
Toilet Accessories,1779
Towel Bars & Hooks,1779
Blankets & Bedspreads,1780
Duvet Covers & Duvets,1780
Pillows,1780
Quilts,1780
Sheets & Pillowcases,1780
Doorbells & Door Knockers,1781
Home & Garden Media & Publications,1782
Floor Cleaners & Accessories,1783
Home Appliance Service & Repair,1783
>Laundry Room Appliances,1783
>Major Kitchen Appliances,1783
Hard-Floor Cleaners & Accessories,1783
Vacuum Cleaners & Accessories,1783
Clothes Irons & Garment Steamers,1783
Washers & Dryers,1783
Dishwashers,1783
Kitchen Hoods & Vents,1783
Microwaves,1783
"Ranges, Cooktops & Ovens",1783
>Refrigerators & Freezers,1783
Art Glass,1784
Candles & Incense,1784
"Ceramics, Porcelain & Vases",1784
Clocks,1784
Decorative Fountains,1784
Decorative Throws & Pillows,1784
Flower Pots & Planters,1784
Mirrors,1784
Picture Frames,1784
Residential Ceiling Fans,1784
Wall Paper,1784
>Window Treatments,1784
"Blinds, Shades & Shutters",1784
Curtain Rods & Hardware,1784
Curtains,1784
Antique Furniture,1785
Bathroom Furniture,1785
>Bedroom Furniture,1785
"Furniture Refinishing, Repair & Reupholstery",1785
Home Office Furniture,1785
>Kitchen & Dining Room Furniture,1785
>Living Room Furniture,1785
Playroom & Children's Furniture,1785
Beds & Headboards,1785
>Clothing & Shoe Storage,1785
Mattresses,1785
Waterbeds & Accessories,1785
Dressers,1785
Shoe Racks & Storage,1785
Wardrobes & Armoires,1785
Folding Tables & Chairs,1785
Kitchen & Dining Room Chairs,1785
Kitchen & Dining Room Tables,1785
Coffee Tables & End Tables,1785
Entertainment & Media Centers,1785
>Sofas & Chairs,1785
Rocking Chairs,1785
Desk Fans & Stand Fans,1786
"Fireplaces, Wood Stoves & Pellet Stoves",1786
Thermostats,1786
Home Improvement & Maintenance,1787
Ironing Boards & Ironing Centers,1788
Fire Extinguishers,1789
>In-Home Hazard Detectors,1789
Lockboxes & Hide-A-Keys,1789
Carbon Monoxide Detectors,1789
Smoke Detectors,1789
Closet Organizing Components & Systems,1790
Laundry Storage & Organization,1790
>Wine Racks & Storage Systems,1790
Clothes Storage Boxes,1790
Wine Coolers & Refrigerators,1790
Kitchen & Bathroom Cabinets,1791
Bakeware,1792
Canning & Preserving,1792
Cookie Jars & Bread Boxes,1792
>Cookware & Cookware Sets,1792
>Cutlery & Cutting Accessories,1792
>Kitchen Accessories,1792
>Kitchen Linens,1792
>Kitchen Storage,1792
Kitchen Utensils & Gadgets,1792
Plates & Serving Dishes,1792
Silverware,1792
>Small Kitchen Appliances,1792
Ceramic Baking Dishes,1792
Grills & Griddles,1792
>Pots & Pans,1792
Cutting Boards,1792
Kitchen Knives,1792
Cooking Aprons,1792
Oven Mitts & Trivets,1792
Dishtowels & Dish Cloths,1792
Tablecloths & Napkins,1792
Pot Racks,1792
Blenders,1792
Bread Makers,1792
Coffee & Espresso Makers,1792
Food Processors,1792
Mixers,1792
Rice Cookers,1792
Toasters & Toaster Ovens,1792
Waffle Irons,1792
Lamps & Lamp Shades,1793
>Light Bulbs,1793
Night Lights,1793
Lamp Shades,1793
>Lamps,1793
Energy Efficient Light Bulbs,1793
House Cleaning Services,1794
Rug & Carpet Cleaning,1794
Upholstery Cleaning,1794
Window Covering Cleaning,1794
Watch & Clock Repair,1795
Water Filters,1796
Fencing,1797
Mailboxes,1797
>Outdoor Cooking Equipment & Accessories,1797
Pest & Weed Control,1797
Retaining Walls,1797
Swimming Pools & Spas,1797
>Yard & Garden Equipment & Supplies,1797
>Yard & Patio Furniture & Accessories,1797
BBQs & Grills,1797
Lawn Mowers & Grass Cutting Equipment,1797
Leaf Blowers & Lawn Vacuums,1797
Picnic Tables & Benches,1797
Cable Services,13
Calling Cards,13
>Internet,13
>Satellite Services,13
Teleconferencing,13
Telegrams,13
>Telephony,13
>VOIP,13
Cable TV,1932
Calling Cards,1933
Blogging Resources & Services,1934
>Directories & Listings,1934
Domain Names & Domain Name Registration,1934
>Email & Messaging,1934
>File Sharing & Hosting,1934
Forum & Chat Services,1934
>Internet Service Plans,1934
Network Security,1934
Online Auctioning Services,1934
Online Maps,1934
>Online Photo & Video Sharing,1934
>Search Engines,1934
>Social Networks & Online Communities,1934
Web Design & Development,1934
Web Hosting,1934
Web Portals,1934
Blogging Layouts & Templates,1934
RSS Feeds & Aggregators,1934
Phone & Address Directories,1934
Contact Management,1934
Music Sharing,1934
Peer-to-Peer File Sharing,1934
Single Host File Sharing,1934
Cable Internet,1934
DSL & Fiber Optic Internet Service Plans,1934
Mobile Broadband,1934
Satellite Internet,1934
Photo & Image Sharing,1934
Video Sharing,1934
Photo & Image Sharing,1934
Video Sharing,1934
People Search,1934
Mobile Social Networks,1934
Online Swap Communities,1934
Virtual Worlds,1934
Satellite TV,1935
Teleconferencing,1936
Telegrams,1937
Answering Machines,1938
>Landline Phones & Accessories,1938
>Mobile Phones & Accessories,1938
>Phone Plans,1938
Phone Rental Services,1938
Telephone Maintenance,1938
Telephony Equipment Donation,1938
Voicemail Services & Calling Features,1938
Landline Phones & Accessories,1938
Landline Phone Accessories,1938
Mobile Apps & Add-Ons,1938
>Mobile Phone Accessories,1938
>Mobile Phones,1938
Landline Phone Plans,1938
>Mobile Phone Plans,1938
VOIP Telephones,1939
Alumni & Classmate Resources,14
>Education & Training,14
>Jobs & Careers,14
Alumni & Classmate Resources,1996
Academic Conferences & Publications,1997
">Colleges, Universities & Post-Secondary Education",1997
Community & Continuing Education,1997
CPR Training & Certification,1997
>Language Education,1997
Online Education & Degree Programs,1997
Preschool & Nursery School Programs,1997
>Primary & Secondary Schooling (K-12),1997
Public Speaking Resources,1997
Special Education,1997
>Standardized & Admissions Tests,1997
Study Abroad Programs,1997
>Teaching & Classroom Resources,1997
Textbooks,1997
>Training & Certification,1997
Tutoring Services,1997
>Vocational Training & Trade Schools,1997
>Writing Courses & Resources,1997
Graduate Programs,1997
Undergraduate Programs,1997
Foreign Language Certifications,1997
Homeschooling,1997
GED Preparation,1997
GMAT Preparation,1997
GRE Preparation,1997
LSAT Preparation,1997
SAT & College Boards Preparation,1997
Lesson Plans,1997
School & Classroom Equipment,1997
Fitness Instruction Training,1997
Real Estate Licensing,1997
Teacher Training & Certification,1997
TEFL Training,1997
Acting Schools & Programs,1997
Arts Education,1997
Bartending Schools & Programs,1997
Computer Education,1997
Cosmetology & Beauty Professional Education,1997
Film Schools & Programs,1997
Nursing Education,1997
Truck Driving Schools & Programs,1997
Business & Technical Writing Courses & Resources,1997
Creative Writing Courses & Resources,1997
Career Assessments,1998
>Career Counseling & Coaching,1998
Career Events,1998
>Job Listings,1998
Professional & Trade Associations,1998
Professional Networking Resources,1998
>Resume Writing,1998
Business Etiquette,1998
Job Interview Coaching Services,1998
Personal & Career Development,1998
Clerical & Administrative Jobs,1998
Education Jobs,1998
Engineering Jobs,1998
Finance Jobs,1998
Food Service Jobs,1998
Freelance & Contract Jobs,1998
Government & Public Sector Jobs,1998
Headhunters & Independent Recruiters,1998
Health & Medical Jobs,1998
Human Resources Jobs,1998
Industrial & Manufacturing Jobs,1998
International Jobs,1998
IT & Technical Jobs,1998
Legal Jobs,1998
Media Jobs,1998
Post-Docs & Post-Doctoral Research,1998
Recent College Graduate Jobs,1998
Retail Jobs,1998
Sales & Marketing Jobs,1998
Social Service & Social Work Jobs,1998
Temporary Jobs,1998
Resume & Cover Letter Samples & Templates,1998
Census Services,15
>Emergency Services,15
>Government,15
Government Consulting & Contracting,15
>Law Enforcement & Protective Services,15
>Legal,15
>Military,15
>Politics,15
>Public Services,15
Census Services,2075
Emergency Alert Services,2076
Emergency Medical Services,2076
Emergency Training Services,2076
>Fire Fighting Services,2076
Poison Control,2076
>Roadside Assistance & Emergency Road Services,2076
Search & Rescue Services,2076
Forestry Fire Fighting Services,2076
Auto Towing,2076
Embassies & Consulates,2077
Government Ministries,2077
Royalty,2077
State & Local Government,2077
Government Consulting & Contracting,2078
Airport Security,2079
Police,2079
Private Investigation,2079
Traffic Safety,2079
Accident & Personal Injury Law,2080
Attorneys & Law Firms,2080
Bail Bonds,2080
Bankruptcy Law,2080
Business & Corporate Law,2080
Class Action Law,2080
Court Reporting,2080
>Criminal Law,2080
>Family Law,2080
Finance Law,2080
>Immigration Law,2080
Intellectual Property,2080
>Labor & Employment Law,2080
Lawsuit Funding,2080
Legal Aid,2080
>Legal Forms & Kits,2080
Legal Insurance,2080
Lemon Laws,2080
Malpractice Suits & Law,2080
Military Legal Services,2080
Real Estate Law,2080
>Vehicle Codes & Driving Laws,2080
Federal Crime Law,2080
Child Custody,2080
Divorce Law,2080
Green Card Lottery,2080
Work Permits & Work Visas,2080
Disability Rights,2080
Discrimination Law,2080
Sexual Harrassment,2080
Business Formation & Incorporation Documents,2080
Confidentiality Forms,2080
Deeds,2080
Employment Agreement Contracts,2080
Employment Offer Letters,2080
Franchise Contracts,2080
Health Directives,2080
Name Changes,2080
Notary Bonds,2080
Patent Forms,2080
Power of Attorney Forms,2080
Prenuptial Agreements,2080
Promissory Notes,2080
>Real Estate Rental & Leasing Forms,2080
Release Agreement Forms,2080
Sales Agreements,2080
Wills & Living Trusts,2080
Air Force,2081
Army,2081
Coast Guard,2081
Marines,2081
Military Education & Training,2081
Military Support Services,2081
National Guard,2081
Navy,2081
Campaigns & Elections,2082
Conservative Politics,2082
Liberal Politics,2082
Lobbying Services,2082
Political Activism,2082
Animal Control,2083
Public Broadcasting,2083
>Public Health,2083
Public Housing,2083
Public Notaries,2083
>Public Utilities,2083
Food Safety & Inspection,2083
Gas Utilities,2083
Power & Electricity Services,2083
Water Services,2083
Apparel Media & Publications,16
>Books & Literature,16
Celebrities & Entertainment News,16
Health Media & Publications,16
"Local News, Media & Publications",16
Magazines & Magazine Subscriptions,16
>Men's Interests Media & Publications,16
Newspapers,16
>Online Media,16
Political News & Media,16
>Publishing,16
>Reference Materials & Resources,16
Teen Media & Publications,16
Vehicle Media & Publications,16
Weather,16
Women's Interests Media & Publications,16
World News & Media,16
Apparel Trade Publications,2173
Fashion & Style Publications,2173
Audio Books,2174
Book Retailers,2174
Book Reviews,2174
Children's Books,2174
E-Books,2174
Poetry,2174
Celebrities & Entertainment News,2175
Health Media & Publications,2176
"Local News, Media & Publications",2177
Magazines & Magazine Subscriptions,2178
Men's Interests Media & Publications - Mature,2179
Newspapers,2180
Flash-Based Entertainment,2181
Online Image Galleries,2181
Podcasts,2181
Webcasts,2181
Political News & Media,2182
E-Book Publishing,2183
Self-Publishing,2183
Dictionaries,2184
Encyclopedias,2184
>Geographic Reference,2184
Public Records,2184
Quotations,2184
Translation,2184
Maps,2184
Teen Media & Publications,2185
Vehicle Media & Publications,2186
Weather,2187
Women's Interests Media & Publications,2188
World News & Media,2189
Cards & Greetings,17
Flower Arrangements,17
>Gifts,17
>Holidays & Seasonal Events,17
>Parties & Party Supplies,17
Singing Telegrams,17
>Special Occasions,17
E-Cards,2223
Photo Cards,2223
>Stationery & Stationery Sets,2223
Personalized Stationery,2223
Thank You Cards,2223
Flower Arrangements,2224
Engraving & Jewelry Engraving,2225
Gift Baskets,2225
>Gift Cards,2225
>Gift Delivery,2225
>Gift Registries,2225
>Gift Wrap & Ribbons,2225
>Gourmet Food Gifts,2225
Movie Gift Cards & Gift Certificates,2225
Restaurant Gift Cards & Gift Certificates,2225
Flower Delivery Services,2225
Baby Shower Registry Services,2225
Gift Wrapping Services,2225
Ribbons & Bows,2225
Wrapping Paper,2225
Fruit Gifts,2225
Gourmet Gift Baskets,2225
Carnival & Mardi Gras,2226
Christmas,2226
Easter,2226
Halloween & October 31st,2226
>Holiday & Seasonal Decorations,2226
Jewish Holidays,2226
Mother's Day & Father's Day,2226
New Year's,2226
Thanksgiving,2226
Valentine's Day,2226
Holiday Ornaments & Lights,2226
Holiday Trees & Plants,2226
Holiday Wreaths,2226
Holiday-Themed Housewares,2226
"Paper Plates, Napkins & Disposable Cutlery",2227
Party Decorations,2227
Party Favors,2227
Party Invitations,2227
Singing Telegrams,2228
Anniversaries,2229
Baby Showers & New Baby,2229
Birthdays & Name Days,2229
>Funerals & Bereavement,2229
Get Well,2229
Graduation,2229
Religious Occasions,2229
Wedding & Special Occasion Photo & Video,2229
>Weddings,2229
Pet Loss & Sympathy,2229
Wedding & Party Planning,2229
Wedding Albums & Scrapbooks,2229
Wedding Beauty Services,2229
Wedding Cards,2229
Wedding Decorations,2229
Wedding Favors,2229
>Wedding Flowers,2229
Wedding Gifts,2229
Wedding Guestbooks,2229
Wedding Invitations,2229
Wedding Programs,2229
Wedding Registries,2229
Wedding Supply & Equipment Rentals,2229
Wedding Bouquets,2229
Wedding Boutonnieres & Corsages,2229
Wedding Centerpieces,2229
Commercial & Investment Real Estate,18
>Escrow & Real Estate Titling,18
House Plans & Floor Plans,18
Housing Market & Real Estate Prices,18
>Private Communities,18
>Property Development,18
>Property Inspections & Appraisals,18
Property Management,18
Real Estate Agents & Brokerages,18
Real Estate Auctions,18
>Real Estate Listings,18
>Relocation & Household Moving,18
>Vacation Properties & Second Homes,18
Commercial & Investment Real Estate,2297
Escrow Services,2298
>Real Estate Titling & Land Registry,2298
Real Estate Titling & Land Registry,2298
Property Title Searches,2298
House Plans & Floor Plans,2299
Housing Market & Real Estate Prices,2300
Golf Communities,2301
Shared Interest Living Communities,2301
Commercial Property Development,2302
New Homes & Custom Homes,2302
Home Appraisals,2303
Land Surveying,2303
Property Management,2304
Real Estate Agents & Brokerages,2305
Real Estate Auctions,2306
Bank-Owned & Foreclosed Listings,2307
Commercial Real Estate Listings,2307
Condo & Co-op Listings,2307
For Sale By Owner Listings,2307
Government Assistance Home Listing Services,2307
Land & Acreage Listings,2307
Mobile & Manufactured Home Listings,2307
Rent To Own Real Estate Listings,2307
>Rental Listings,2307
Senior Living Listings,2307
Apartment Rentals,2307
Furnished & Short-Term Rental Listings,2307
Roommates & Flat Sharing,2307
Consumer Vehicle Shipping Services,2308
Moving Supplies,2308
Moving Truck & Van Rental,2308
Storage Rental Services,2308
Temporary Housing Services,2308
Timeshares,2309
Coupons & Rebates,19
>Informal Selling & Exchanging,19
Rental Services,19
Shopping Portals & Search Engines,19
Wholesalers & Liquidators,19
Coupons & Rebates,2345
"Garage, Estate & Yard Sales",2346
Rental Services,2347
Shopping Portals & Search Engines,2348
Wholesalers & Liquidators,2349
Boating & Water Recreation,20
>Fitness,20
>Sporting Goods,20
>Sports,20
>Sports & Fitness Apparel,20
>Sports Equipment Rental Services,20
>Sports Fan Gear & Apparel,20
>Sports Instruction & Coaching,20
>Sports News & Media,20
Sports Programs & Camps,20
Boat & Watercraft Parts & Accessories,2355
>Fishing,2355
Scuba & Diving,2355
Surfing & Windsurfing Gear,2355
Water Skiing Equipment & Gear,2355
Boat & Watercraft Safety Accessories,2355
"Boat Gauges, Clocks & Instruments",2355
Boat Propellers,2355
Boat Seats,2355
Marine Engines & Parts,2355
Fishing Tackle,2355
Fitness Classes & Instruction,2356
>Fitness Equipment & Accessories,2356
Gyms & Gym Memberships,2356
Personal Training,2356
Yoga & Pilates,2356
Exercise Mats,2356
>Fitness & Weight Training Machines,2356
Fitness Balls,2356
Weight Training Accessories,2356
Eliptical Machines,2356
Home Gyms & Weight Training Machines,2356
Stair Machines,2356
Stationary Bikes,2356
Treadmills,2356
Airsoft Equipment,2357
American Football Equipment,2357
>Archery Equipment,2357
Backyard Games Equipment,2357
Baseball Equipment,2357
Basketball Equipment,2357
>Bicycles & Accessories,2357
Bowling Equipment,2357
>Combat Sports Equipment,2357
Cricket Equipment,2357
Equestrian Equipment & Tack,2357
Extreme Sports Equipment,2357
>Golf Equipment,2357
Gymnastics Equipment,2357
>Hockey & Roller Hockey Equipment,2357
Hunting & Shooting Equipment,2357
>Ice Skating Equipment,2357
Lacrosse Equipment,2357
Paintball Equipment,2357
>Roller Skating & Rollerblading Equipment,2357
Rugby Equipment,2357
Running & Walking Equipment,2357
>Skateboarding Equipment,2357
Soccer Equipment,2357
Sports Uniforms,2357
Squash & Racquetball Equipment,2357
Swimming & Aquatic Sports Equipment,2357
Table Tennis Equipment,2357
Tennis Equipment,2357
Track & Field Equipment,2357
Volleyball Equipment,2357
>Winter Sports Equipment,2357
Bow Hunting,2357
Bicycles,2357
Bike Accessories,2357
Bike Frames,2357
Bike Helmets & Protective Gear,2357
Bike Parts & Repair,2357
Boxing Gloves & Gear,2357
Martial Arts Equipment,2357
Wrestling Equipment,2357
Golf Balls,2357
Golf Clubs,2357
Golf Tees,2357
Ice Hockey Skates,2357
Roller Hockey Skates,2357
Inline Skates,2357
Skateboards & Skateboard Components,2357
American Football,2358
Baseball,2358
Basketball,2358
Bowling,2358
Cheerleading,2358
College Sports,2358
>Combat Sports,2358
Cricket,2358
Cycling,2358
Equestrian Sports,2358
Extreme Sports,2358
Golf,2358
Gymnastics,2358
Handball,2358
Hockey,2358
Hunting & Shooting,2358
Motor Sports,2358
Rodeo,2358
Rugby,2358
Running & Walking,2358
Skate Sports,2358
Soccer,2358
Surfing & Windsurfing,2358
Swimming & Aquatic Sports,2358
Tennis,2358
Track & Field,2358
Volleyball,2358
>Winter Sports,2358
>World Sports Events,2358
Boxing,2358
>Martial Arts,2358
Traditional Wrestling,2358
Cycling Apparel,2359
Gymnastics Apparel,2359
Ice Skating Apparel,2359
Running Apparel,2359
Winter Sports Apparel,2359
Boat & Marine Vehicle Rental Services,2360
Ski & Winter Sports Equipment Rental Services,2360
Sports Team Hats & Caps,2361
Sports Team Jerseys,2361
Dance Classes & Lessons,2362
Gymnastics Lessons & Classes,2362
Horseback Riding Lessons,2362
Swim Lessons & Aquatic Fitness Instruction,2362
Fitness Media & Publications,2363
Sports Programs & Camps,2364
Accommodations,21
>Air Travel,21
>Cruises & Cruise Services,21
>Last Minute Travel,21
>Luggage & Travel Accessories,21
Luggage Services,21
Luxury Travel,21
>Specialty Travel,21
>Tour Operators,21
>Tourist Attractions & Destinations,21
>Transportation & Excursions,21
Travel Booking Services,21
>Travel Documents,21
>Travel Media & Publications,21
Vacation Packages,21
Accommodation Packages,2485
Bed & Breakfasts,2485
">Camping, Caravan & RV Accommodations",2485
Hostel Accommodations,2485
">Hotels, Motels & Resorts",2485
House Swaps & Home Exchanges,2485
Last Minute Accommodation Deals,2485
>Ski Accommodations,2485
>Vacation Rentals,2485
Campsites & Campgrounds,2485
Caravan & RV Rentals,2485
Extended Stay Hotels & Motels,2485
>Hotels,2485
Motels,2485
>Resorts,2485
Hotel Packages,2485
Resort Packages,2485
"Ski Condos, Cabins & Townhome Rentals",2485
Ski Lodges & Resorts,2485
Villa Rentals,2485
Air Charter & Charter Jet Services,2486
">Airline Tickets, Fares & Flights",2486
First & Business Class Airfares & Flights,2486
Activity & Theme-Based Cruises,2487
Barge & River Cruises,2487
Last Minute Cruises,2487
Last Minute Airfares & Flights,2488
Luggage,2489
Travel Accessories,2489
Carry-On Bags,2489
Make-Up Bags,2489
Rolling Luggage,2489
Suitcases,2489
Luggage Services,2490
Luxury Travel,2491
Adventure Travel,2492
Agritourism,2492
Couples Travel & Honeymoons,2492
Ecotourism,2492
Family Vacations & Travel,2492
GLBT Travel,2492
Senior Citizen Travel,2492
Singles Travel,2492
Charter Bus Services,2493
Sightseeing Tours,2494
Beaches & Islands,2494
Historical Sites & Buildings,2494
Lakes & Rivers,2494
Libraries,2494
Museums,2494
Regional Parks & Gardens,2494
Theme Parks,2494
Winter Travel Destinations,2494
Zoos & Aquariums,2494
Airport Transportation Services,2495
Boat & Yacht Charter,2495
>Bus & Rail Services,2495
Car Rental Services,2495
Carpooling & Ridesharing,2495
Ferries,2495
Limousine Services,2495
Parking Services,2495
Taxi Services,2495
Trip Planners & Route Finders,2495
Airport Parking Services,2495
Airport Rail Service,2495
Airport Shuttles & Car Services,2495
Bus Services,2495
>Rail Services,2495
Travel Booking Services,2496
Passports & Passport Services,2497
Travel Consent Forms,2497
Travel Visas & Visa Services,2497
City & Local Guides,2498
Road Maps,2498
Travel Books & Guides,2498
Vacation Packages,2499
Boats & Watercraft,22
Driving Instruction & Driver Education,22
>Motor Vehicles,22
>Personal Airplanes & Aircraft,22
Vehicle Auctions,22
>Vehicle Dealers,22
Vehicle Donation & Removal,22
Vehicle Emissions,22
Vehicle History Reports,22
>Vehicle Parts & Accessories,22
>Vehicle Repair & Maintenance,22
"Vehicle Specs, Reviews & Comparisons",22
>Vehicle Towing,22
Vehicle Warranties & Protection Plans,22
Vehicle Window Tinting,22
Fishing Boats,2577
Kayaks,2577
Personal Watercraft,2577
Rafts,2577
Row Boats & Canoes,2577
Sailboats,2577
Speedboats & Motorboats,2577
Yachts,2577
Driving Instruction & Driver Education,2578
Campers & RVs,2579
>Cars & Trucks,2579
>Commercial Vehicles,2579
Motorcycles,2579
>Off-Road Vehicles,2579
Scooters & Mopeds,2579
Used Motor Vehicles,2579
Vehicle Trailers,2579
Motorhomes,2579
Pop-Up Campers,2579
Travel Trailers,2579
4WD,2579
Concept & Future Cars,2579
Convertibles,2579
Coupes,2579
Crossovers,2579
Hatchbacks,2579
Hybrid & Alternative Vehicles,2579
Luxury Cars,2579
Microcars & City Cars,2579
Pick-Up Trucks,2579
Sedans,2579
Sports Cars,2579
Station Wagons,2579
SUVs,2579
Vans & Minivans,2579
Cargo Trucks & Trailers,2579
ATVs,2579
Dirt Bikes,2579
Dune Buggies,2579
Go Karts,2579
Snowmobiles,2579
Flying Instruction,2580
Personal Aircraft Repair & Maintenance,2580
Vehicle Auctions,2581
Boat & Yacht Sales & Brokers,2582
Car Dealers,2582
Vehicle Donation & Removal,2583
Vehicle Emissions,2584
Vehicle History Reports,2585
Car Parts & Accessories,2586
>Motorcycle Parts & Accessories,2586
Off-Road Vehicle Parts & Accessories,2586
Personal Airplane & Aircraft Parts & Accessories,2586
Scooter & Moped Parts & Accessories,2586
Truck Parts & Accessories,2586
Vehicle Cleansers & Care Supplies,2586
Vehicle Racks,2586
>Vehicle Tires & Tire Parts,2586
Car Covers,2586
Car Emergency Kits & Supplies,2586
Car Mats,2586
>Car Modification Parts,2586
Car Sun Shields,2586
Remote Keyless Entry Systems & Car Starters,2586
>Replacement Car Parts,2586
ppearance Modifying Parts,2586
Performance Modifying Parts,2586
Automotive Electronic Components,2586
Car Brakes,2586
Car Engines & Engine Parts,2586
Car Filters,2586
Car Lamps & Lights,2586
Windshield Wiper Blades,2586
Car Batteries,2586
Spark Plugs,2586
Brake Repair,2587
Collision & Auto Body Repair,2587
Oil Changes,2587
Transmissions & Transmission Repair,2587
Tune-Ups,2587
Vehicle Painting,2587
Vehicle Washing & Detailing,2587
Windshield Repair,2587
"Vehicle Specs, Reviews & Comparisons",2588
Boat Towing,2589
Vehicle Warranties & Protection Plans,2590
Vehicle Window Tinting,2591
Cartoons,97
Entertainment Media Retailers,100
Insect Repellent,224
Lip Care,225
Perfumes & Fragrances,229
Aerospace & Defense,317
Food Service Industry,327
Import & Export,328
